site,id,year,api_ok,n_det,n_person,n_vehicle,n_sidewalk,n_road,n_vegetation,n_marking,n_sign
Westheimer Road,935878547176252,2013,True,0,0,0,0,0,0,0,0
Westheimer Road,1798255413685742,2013,True,1,0,0,0,0,0,0,0
Westheimer Road,1655388264645579,2013,True,1,0,0,0,0,0,0,0
Westheimer Road,3796788973781675,2013,True,2,0,0,0,0,0,0,1
Westheimer Road,524271075608537,2013,True,2,0,0,0,0,0,0,1
Westheimer Road,498309138023558,2013,True,4,0,0,0,0,0,0,2
Westheimer Road,479035800105935,2013,True,3,0,0,0,0,0,0,2
Westheimer Road,287143703014949,2013,True,2,0,0,0,0,0,0,1
Westheimer Road,373484980592351,2013,True,3,0,0,0,0,0,0,0
Westheimer Road,519647462532605,2013,True,5,0,0,0,0,0,0,1
Westheimer Road,261038932378900,2013,True,2,0,0,0,0,0,0,0
Westheimer Road,515538349806521,2013,True,2,0,0,0,0,0,1,0
Westheimer Road,785823939025194,2013,True,2,0,0,0,0,0,1,0
Westheimer Road,825742454965637,2013,True,2,0,0,0,0,0,2,0
Westheimer Road,135506788589927,2013,True,2,0,0,0,0,0,1,0
Westheimer Road,800892374133829,2013,True,4,0,0,0,0,0,1,1
Westheimer Road,218687222957714,2013,True,3,0,0,0,0,0,0,0
Westheimer Road,483844889695185,2013,True,2,0,0,0,0,0,0,0
Westheimer Road,503880224357289,2013,True,3,0,0,0,0,0,0,0
Westheimer Road,262343838943292,2013,True,5,0,0,0,0,0,0,0
Westheimer Road,494116698391392,2013,True,3,0,0,0,0,0,0,0
Westheimer Road,803812820558978,2013,True,3,0,0,0,0,0,0,0
Westheimer Road,2907198769553972,2013,True,5,0,0,0,0,0,0,0
Westheimer Road,892915077944428,2013,True,4,0,0,0,0,0,0,0
Westheimer Road,466222161259008,2013,True,3,0,0,0,0,0,0,0
Westheimer Road,745615852783278,2012,True,36,0,0,0,0,0,1,6
Westheimer Road,627874631946083,2012,True,32,0,0,0,0,0,1,3
Westheimer Road,232230862034540,2012,True,31,0,0,0,0,0,0,3
Westheimer Road,170139558351511,2012,True,27,0,0,0,0,0,0,4
Westheimer Road,1357718424595096,2012,True,29,0,0,0,0,0,0,3
Westheimer Road,497929934584856,2012,True,30,0,0,0,0,0,1,3
Westheimer Road,2647187042246235,2012,True,36,0,0,0,0,0,1,4
Westheimer Road,1935160049969752,2012,True,32,0,0,0,0,0,2,4
Westheimer Road,179773077359271,2012,True,26,0,0,0,0,0,2,5
Westheimer Road,371958740870356,2012,True,25,0,0,0,0,0,1,4
Westheimer Road,486111162702456,2012,True,29,0,0,0,0,0,1,3
Westheimer Road,124487376321006,2012,True,24,0,0,0,0,0,0,4
Westheimer Road,1194827790939290,2012,True,30,0,0,0,0,0,1,5
Westheimer Road,158615619529573,2012,True,32,0,0,0,0,0,1,6
Westheimer Road,496120508495390,2012,True,30,0,0,0,0,0,1,6
Westheimer Road,468555714226989,2012,True,38,0,0,0,0,0,2,6
Westheimer Road,2636503163311152,2012,True,32,0,0,0,0,0,1,4
Westheimer Road,368431331264679,2012,True,32,0,0,0,0,0,1,4
Westheimer Road,196542188977479,2012,True,39,0,0,0,0,0,1,7
Westheimer Road,2919658361633337,2012,True,36,0,0,0,0,0,1,8
Westheimer Road,174876581192255,2012,True,27,0,0,0,0,0,0,5
Westheimer Road,814945615805332,2012,True,27,0,0,0,0,0,1,4
Westheimer Road,369193897858189,2012,True,35,0,0,0,0,0,2,7
Westheimer Road,819440038928503,2012,True,30,0,0,0,0,0,2,4
Westheimer Road,190165952844463,2012,True,34,0,0,0,0,0,1,5
Westheimer Road,490981415285501,2012,True,4,0,0,0,0,0,0,0
Westheimer Road,316727289812298,2012,True,2,0,0,0,0,0,0,0
Westheimer Road,1243808516074447,2012,True,3,0,0,0,0,0,0,1
Westheimer Road,304533138050347,2012,True,3,0,0,0,0,0,0,1
Westheimer Road,288941786218042,2012,True,4,0,0,0,0,0,0,1
Westheimer Road,2299679643509612,2012,True,2,0,0,0,0,0,0,1
Westheimer Road,485943909274033,2012,True,4,0,0,0,0,0,0,1
Westheimer Road,176454411025732,2012,True,3,0,0,0,0,0,0,1
Westheimer Road,147959810632509,2012,True,3,0,0,0,0,0,0,1
Westheimer Road,891464861433070,2012,True,1,0,0,0,0,0,0,0
Westheimer Road,905340483344259,2012,True,2,0,0,0,0,0,0,0
Westheimer Road,812699863010880,2012,True,3,0,0,0,0,0,0,0
Westheimer Road,134440098629741,2012,True,3,0,0,0,0,0,0,0
Westheimer Road,793975091229448,2012,True,4,0,0,0,0,0,0,0
Westheimer Road,243017064245709,2012,True,5,0,0,0,0,0,0,1
Westheimer Road,313366233523472,2012,True,2,0,0,0,0,0,0,0
Westheimer Road,1786484561511961,2012,True,4,0,0,0,0,0,0,0
Westheimer Road,911743016289240,2012,True,3,0,0,0,0,0,0,0
Westheimer Road,1081080269051640,2012,True,5,0,0,0,0,0,0,0
Westheimer Road,1147753615700064,2012,True,2,0,0,0,0,0,0,0
Westheimer Road,1377000196014866,2012,True,4,0,0,0,0,0,0,0
Westheimer Road,746195322720057,2012,True,2,0,0,0,0,0,0,0
Westheimer Road,307938234314601,2012,True,6,0,0,0,0,0,0,0
Westheimer Road,2313802472086422,2012,True,3,0,0,0,0,0,0,0
Westheimer Road,299657265087953,2012,True,6,0,0,0,0,0,0,0
Westheimer Road,655022312013744,2018,True,0,0,0,0,0,0,0,0
Westheimer Road,769047840465382,2018,True,0,0,0,0,0,0,0,0
Westheimer Road,216104750064836,2018,True,0,0,0,0,0,0,0,0
Westheimer Road,529130558113876,2018,True,0,0,0,0,0,0,0,0
Westheimer Road,1608046256052713,2018,True,0,0,0,0,0,0,0,0
Westheimer Road,4014365508602145,2018,True,0,0,0,0,0,0,0,0
Westheimer Road,1156479688495848,2018,True,0,0,0,0,0,0,0,0
Westheimer Road,519338705894855,2018,True,0,0,0,0,0,0,0,0
Westheimer Road,908517333330475,2018,True,0,0,0,0,0,0,0,0
Westheimer Road,320689292791544,2018,True,0,0,0,0,0,0,0,0
Westheimer Road,321014356129134,2018,True,0,0,0,0,0,0,0,0
Westheimer Road,950277162486930,2018,True,0,0,0,0,0,0,0,0
Westheimer Road,266462835260651,2018,True,0,0,0,0,0,0,0,0
Westheimer Road,993231721081496,2018,True,0,0,0,0,0,0,0,0
Westheimer Road,537635487258872,2018,True,0,0,0,0,0,0,0,0
Westheimer Road,1588962114643175,2018,True,0,0,0,0,0,0,0,0
Westheimer Road,249976896881298,2018,True,0,0,0,0,0,0,0,0
Westheimer Road,343108907232433,2018,True,0,0,0,0,0,0,0,0
Westheimer Road,214367417162157,2018,True,0,0,0,0,0,0,0,0
Westheimer Road,568283040822710,2018,True,0,0,0,0,0,0,0,0
Westheimer Road,826179691334272,2018,True,0,0,0,0,0,0,0,0
Westheimer Road,283443246845432,2018,True,0,0,0,0,0,0,0,0
Westheimer Road,386090352629993,2018,True,0,0,0,0,0,0,0,0
Westheimer Road,2800133716965922,2018,True,0,0,0,0,0,0,0,0
Westheimer Road,804241623538675,2018,True,0,0,0,0,0,0,0,0
Bay Area Boulevard,690315170541348,2025,True,223,1,6,0,18,19,0,1
Bay Area Boulevard,882688197420534,2025,True,233,1,13,0,23,13,0,1
Bay Area Boulevard,773215062445338,2025,True,241,1,10,0,26,16,0,0
Bay Area Boulevard,1742091179789121,2025,True,199,1,13,0,14,21,0,0
Bay Area Boulevard,1018012337173735,2025,True,212,1,10,0,13,19,0,0
Bay Area Boulevard,1378051753667451,2025,True,227,1,10,2,12,16,0,0
Bay Area Boulevard,1630565274989314,2025,True,224,2,13,7,5,20,0,0
Bay Area Boulevard,1908973850002167,2025,True,216,1,13,5,20,18,0,0
Bay Area Boulevard,1391447025684238,2025,True,203,2,13,3,13,18,0,0
Bay Area Boulevard,1237884774865550,2025,True,196,2,10,8,14,6,0,0
Bay Area Boulevard,658999220496666,2025,True,214,2,12,0,20,9,0,0
Bay Area Boulevard,814578917872489,2025,True,201,1,9,6,12,15,0,0
Bay Area Boulevard,1163324612132325,2025,True,171,2,10,3,19,7,0,0
Bay Area Boulevard,1886221545439597,2025,True,251,1,12,10,33,12,1,0
Bay Area Boulevard,2347315369031067,2025,True,184,2,14,0,10,11,0,0
Bay Area Boulevard,1339344357360557,2025,True,230,2,11,0,19,20,0,0
Bay Area Boulevard,1855050561767608,2025,True,201,2,11,16,30,9,0,0
Bay Area Boulevard,665604566488241,2025,True,183,1,12,5,16,8,0,0
Bay Area Boulevard,1889413398327749,2025,True,177,1,9,1,9,8,0,0
Bay Area Boulevard,822671083719600,2025,True,161,1,9,4,17,7,0,0
Bay Area Boulevard,698884792924543,2025,True,156,1,7,5,19,11,0,0
Bay Area Boulevard,1093809792722067,2025,True,187,1,7,4,20,13,0,0
Bay Area Boulevard,1333732841300975,2025,True,168,1,4,2,26,20,0,0
Bay Area Boulevard,4225725060906577,2025,True,162,1,2,7,14,20,0,0
Bay Area Boulevard,1905300403673504,2025,True,180,1,6,12,25,20,0,0
Bay Area Boulevard,821270908822109,2012,True,4,0,0,0,0,0,0,0
Bay Area Boulevard,480706729684743,2012,True,3,0,0,0,0,0,0,0
Bay Area Boulevard,544064180331361,2012,True,3,0,0,0,0,0,0,0
Bay Area Boulevard,460989254979267,2012,True,5,0,0,0,0,0,0,0
Bay Area Boulevard,206226247776151,2012,True,3,0,0,0,0,0,0,0
Bay Area Boulevard,367848941323519,2012,True,3,0,0,0,0,0,0,0
Bay Area Boulevard,207660920955652,2012,True,3,0,0,0,0,0,0,0
Bay Area Boulevard,142795054432202,2012,True,3,0,0,0,0,0,0,0
Bay Area Boulevard,203104024979470,2012,True,5,0,0,0,0,0,0,0
Bay Area Boulevard,989972404871066,2012,True,4,0,0,0,0,0,0,0
Bay Area Boulevard,288707049659792,2012,True,5,0,0,0,0,0,0,0
Bay Area Boulevard,467427231214008,2012,True,5,0,0,0,0,0,0,0
Bay Area Boulevard,919236325314828,2012,True,6,0,0,0,0,0,0,0
Bay Area Boulevard,467972514509465,2012,True,4,0,0,0,0,0,0,0
Bay Area Boulevard,1187963131719761,2012,True,3,0,0,0,0,0,0,0
Bay Area Boulevard,947428916070025,2012,True,5,0,0,0,0,0,0,0
Bay Area Boulevard,524394728589257,2012,True,4,0,0,0,0,0,0,0
Bay Area Boulevard,155595386438457,2012,True,7,0,0,0,0,0,0,0
Bay Area Boulevard,958566071570423,2012,True,6,0,0,0,0,0,0,0
Bay Area Boulevard,263982105478211,2012,True,6,0,0,0,0,0,0,0
Bay Area Boulevard,165892402128934,2012,True,6,0,0,0,0,0,0,0
Bay Area Boulevard,801603547459032,2012,True,5,0,0,0,0,0,0,0
Bay Area Boulevard,223396495804119,2012,True,5,0,0,0,0,0,0,0
Bay Area Boulevard,481660053255911,2012,True,4,0,0,0,0,0,0,0
Bay Area Boulevard,815995199295748,2012,True,2,0,0,0,0,0,0,0
Bay Area Boulevard,2905625316359886,2012,True,14,0,0,0,0,0,0,0
Bay Area Boulevard,309590583906387,2012,True,14,0,0,0,0,0,0,0
Bay Area Boulevard,916802568889323,2012,True,9,0,0,0,0,0,0,0
Bay Area Boulevard,481161409662873,2012,True,14,0,0,0,0,0,0,0
Bay Area Boulevard,657469538420480,2012,True,14,0,0,0,0,0,0,0
Bay Area Boulevard,4071369482885441,2012,True,7,0,0,0,0,0,0,0
Bay Area Boulevard,308218770792723,2012,True,7,0,0,0,0,0,0,0
Bay Area Boulevard,300471041608744,2012,True,7,0,0,0,0,0,0,0
Bay Area Boulevard,1140186049823369,2012,True,6,0,0,0,0,0,0,0
Bay Area Boulevard,303012057982227,2012,True,6,0,0,0,0,0,0,0
Bay Area Boulevard,1304453616616065,2012,True,5,0,0,0,0,0,0,0
Bay Area Boulevard,182536810395398,2012,True,6,0,0,0,0,0,0,0
Bay Area Boulevard,376206713691788,2012,True,4,0,0,0,0,0,0,0
Bay Area Boulevard,4498332410181065,2012,True,1,0,0,0,0,0,0,0
Bay Area Boulevard,810201013240549,2012,True,4,0,0,0,0,0,0,0
Bay Area Boulevard,217978436447460,2012,True,17,0,0,0,0,0,0,1
Bay Area Boulevard,487995605585793,2012,True,13,0,0,0,0,0,0,0
Bay Area Boulevard,934282793807218,2012,True,16,0,0,0,0,0,0,0
Bay Area Boulevard,3985646341518383,2012,True,13,0,0,0,0,0,0,1
Bay Area Boulevard,540186220303138,2012,True,13,0,0,0,0,0,0,1
Bay Area Boulevard,1983277951852602,2012,True,13,0,0,0,0,0,0,0
Bay Area Boulevard,815305769385098,2012,True,12,0,0,0,0,0,0,0
Bay Area Boulevard,1388416524891122,2012,True,11,0,0,0,0,0,0,0
Bay Area Boulevard,1128138921019526,2012,True,12,0,0,0,0,0,0,0
Bay Area Boulevard,816702605626026,2012,True,10,0,0,0,0,0,0,0
Bay Area Boulevard,678510066250816,2012,True,10,0,0,0,0,0,0,0
Bay Area Boulevard,378266636787370,2012,True,12,0,0,0,0,0,0,0
Bay Area Boulevard,905731823332465,2012,True,8,0,0,0,0,0,0,0
Bay Area Boulevard,1377348595959344,2012,True,6,0,0,0,0,0,0,0
Bay Area Boulevard,946378282796729,2012,True,8,0,0,0,0,0,0,0
Bay Area Boulevard,473249200397537,2012,True,9,0,0,0,0,0,0,0
Bay Area Boulevard,273819817821599,2012,True,10,0,0,0,0,0,0,0
Bay Area Boulevard,3984875084926898,2012,True,11,0,0,0,0,0,0,0
Bay Area Boulevard,879656555948666,2012,True,10,0,0,0,0,0,0,0
Bay Area Boulevard,377257596904051,2012,True,9,0,0,0,0,0,0,0
Bay Area Boulevard,886100422233166,2012,True,12,0,0,0,0,0,0,0
Bay Area Boulevard,775245656713732,2012,True,11,0,0,0,0,0,0,0
Bay Area Boulevard,768003950774609,2012,True,11,0,0,0,0,0,0,0
Bay Area Boulevard,516848995997047,2012,True,9,0,0,0,0,0,0,0
Bay Area Boulevard,209198400799152,2012,True,9,0,0,0,0,0,0,0
Vassar Street,479312319972767,2019,True,0,0,0,0,0,0,0,0
Vassar Street,519014382437136,2019,True,1,0,0,0,0,0,0,0
Vassar Street,147259447372510,2019,True,1,0,0,0,0,0,0,0
Vassar Street,172925448053339,2019,True,1,0,0,0,0,0,0,0
Vassar Street,320818656293593,2019,True,2,0,0,0,0,0,0,0
Vassar Street,281233993644437,2019,True,2,0,0,0,0,0,0,0
Vassar Street,956860831522369,2019,True,1,0,0,0,0,0,0,0
Vassar Street,3928196440589255,2019,True,1,0,0,0,0,0,0,0
Vassar Street,501760781012973,2019,True,1,0,0,0,0,0,0,0
Vassar Street,600850914222345,2019,True,3,0,0,0,0,0,0,0
Vassar Street,805315937073242,2019,True,0,0,0,0,0,0,0,0
Vassar Street,895036314408605,2019,True,2,0,0,0,0,0,0,0
Vassar Street,481918306366603,2019,True,2,0,0,0,0,0,0,0
Vassar Street,1641812949343753,2019,True,3,0,0,0,0,0,0,0
Vassar Street,4593356567345915,2019,True,2,0,0,0,0,0,0,0
Vassar Street,134714101982510,2019,True,2,0,0,0,0,0,0,0
Vassar Street,512856009740075,2019,True,2,0,0,0,0,0,0,0
Vassar Street,1094064277753079,2019,True,4,0,0,0,0,0,0,0
Vassar Street,1629320043931343,2019,True,1,0,0,0,0,0,0,0
Vassar Street,780133962929944,2019,True,2,0,0,0,0,0,0,0
Vassar Street,367610001346822,2019,True,3,0,0,0,0,0,0,0
Vassar Street,1375560036133882,2019,True,4,0,0,0,0,0,0,0
Vassar Street,225049822290087,2019,True,3,0,0,0,0,0,0,0
Vassar Street,292656052458575,2019,True,4,0,0,0,0,0,0,0
Vassar Street,497768101423481,2019,True,4,0,0,0,0,0,0,0
Vassar Street,6127020683982135,2019,True,1,0,0,0,0,0,0,0
Vassar Street,856257784962022,2019,True,1,0,0,0,0,0,0,0
Vassar Street,955333815301133,2019,True,0,0,0,0,0,0,0,0
Vassar Street,269771631547769,2019,True,1,0,0,0,0,0,0,0
Vassar Street,396324934704382,2019,True,0,0,0,0,0,0,0,0
Vassar Street,844552206133929,2019,True,2,0,0,0,0,0,0,1
Vassar Street,485550816198784,2019,True,1,0,0,0,0,0,0,0
Vassar Street,226119565939347,2019,True,1,0,0,0,0,0,0,0
Vassar Street,543239597081705,2019,True,1,0,0,0,0,0,0,0
Vassar Street,1213425202442299,2019,True,2,0,0,0,0,0,0,0
Vassar Street,501931587795604,2019,True,3,0,0,0,0,0,0,0
Vassar Street,220317549524972,2019,True,3,0,0,0,0,0,0,0
Vassar Street,466794121319438,2019,True,5,0,0,0,0,0,0,1
Vassar Street,1615953565461161,2019,True,1,0,0,0,0,0,0,0
Vassar Street,377196763630191,2019,True,2,0,0,0,0,0,0,0
Vassar Street,812099303036629,2019,True,4,0,0,0,0,0,0,1
Vassar Street,294158965574650,2019,True,4,0,0,0,0,0,0,1
Vassar Street,248624720373398,2019,True,3,0,0,0,0,0,0,0
Vassar Street,166355462082739,2019,True,3,0,0,0,0,0,0,0
Vassar Street,467964997763984,2019,True,2,0,0,0,0,0,0,0
Vassar Street,3994830580566434,2019,True,3,0,0,0,0,0,0,0
Vassar Street,473123670636691,2019,True,1,0,0,0,0,0,0,0
Vassar Street,530745454602274,2019,True,1,0,0,0,0,0,0,0
Vassar Street,2858629267737287,2019,True,3,0,0,0,0,0,1,0
Vassar Street,4307402432627171,2019,True,3,0,0,0,0,0,1,0
Vassar Street,272164644652608,2019,True,4,0,0,0,0,0,0,0
Vassar Street,197955732159598,2019,True,2,0,0,0,0,0,0,0
Vassar Street,3875494622519025,2019,True,2,0,0,0,0,0,0,0
Vassar Street,566996130941266,2019,True,4,0,0,0,0,0,0,0
Vassar Street,1857874297696037,2019,True,5,0,0,0,0,0,0,0
Vassar Street,191697652804438,2019,True,5,0,0,0,0,0,0,0
Vassar Street,1148712155643765,2019,True,3,0,0,0,0,0,0,0
Vassar Street,524064295261722,2019,True,6,0,0,0,0,0,0,1
Vassar Street,313467290159583,2019,True,2,0,0,0,0,0,0,0
Vassar Street,293599502480676,2019,True,2,0,0,0,0,0,0,0
Vassar Street,278842613963763,2019,True,1,0,0,0,0,0,0,0
Vassar Street,4368591063186203,2019,True,3,0,0,0,0,0,0,1
Vassar Street,335290667952684,2019,True,1,0,0,0,0,0,0,0
Vassar Street,851734682085927,2019,True,1,0,0,0,0,0,0,0
Vassar Street,961018417999548,2019,True,1,0,0,0,0,0,0,0
Vassar Street,219989679562378,2019,True,1,0,0,0,0,0,0,0
Vassar Street,2933764893616604,2019,True,2,0,0,0,0,0,0,1
Vassar Street,222970495879763,2019,True,4,0,0,0,0,0,0,0
Vassar Street,226506092578708,2019,True,3,0,0,0,0,0,0,0
Vassar Street,197929125487296,2019,True,4,0,0,0,0,0,0,0
Vassar Street,960681371425901,2019,True,439,0,16,0,5,23,7,0
Vassar Street,496832951661299,2019,True,376,0,14,0,7,21,5,1
Vassar Street,1275128736217929,2019,True,314,0,11,0,4,16,11,0
Vassar Street,4137245696338146,2019,True,389,0,13,0,13,20,22,0
Vassar Street,164737405573761,2019,True,423,0,17,0,10,21,8,0
